Name,Email,DOB
Ravi,Ravi@gmail.com,07-12-2022
Sunil,sunil@gmail.com,05-01-1994
Ravi,Ravi@gmail.com,07-12-2022
Sunil,sunil@gmail.com,05-01-1994
Ravi,Ravi@gmail.com,07-12-2022
Sunil,sunil@gmail.com,05-01-1994
Ravi,Ravi@gmail.com,07-12-2022
Sunil,sunil@gmail.com,05-01-1994
Ravi,Ravi@gmail.com,07-12-2022
Sunil,sunil@gmail.com,05-01-1994
Ravi,Ravi@gmail.com,07-12-2022
Sunil,sunil@gmail.com,05-01-1994
Ravi,Ravi@gmail.com,07-12-2022
Sunil,sunil@gmail.com,05-01-1994
Ravi,Ravi@gmail.com,07-12-2022
Sunil,sunil@gmail.com,05-01-1994
Ravi,Ravi@gmail.com,07-12-2022
Sunil,sunil@gmail.com,05-01-1994
Ravi,Ravi@gmail.com,07-12-2022
Sunil,sunil@gmail.com,05-01-1994
Ravi,Ravi@gmail.com,07-12-2022
Sunil,sunil@gmail.com,05-01-1994
Ravi,Ravi@gmail.com,07-12-2022
Sunil,sunil@gmail.com,05-01-1994
Ravi,Ravi@gmail.com,07-12-2022
Sunil,sunil@gmail.com,05-01-1994
